icon_menherachan01_01.jpg,壁から覗く
icon_menherachan01_02.jpg,壁に隠れる
icon_menherachan01_03.jpg,壁から覗く２
icon_menherachan01_04.jpg,ベルを押す
icon_menherachan01_05.jpg,星を出して指差す
icon_menherachan01_06.jpg,グッジョブ
icon_menherachan01_07.jpg,それほどでも
icon_menherachan01_08.jpg,ハートを出して思い伏せる
icon_menherachan01_09.jpg,ドアをノック
icon_menherachan01_10.jpg,転がる
icon_menherachan01_11.jpg,寝ながらうつむく
icon_menherachan01_12.jpg,座ってうつむく
icon_menherachan01_13.jpg,ポテチを食べる
icon_menherachan01_14.jpg,ワクワク
icon_menherachan01_15.jpg,バイバイ
icon_menherachan01_16.jpg,おやすみ
icon_menherachan01_17.jpg,座って携帯をいじる
icon_menherachan01_18.jpg,ガラス越しに脅迫
icon_menherachan01_19.jpg,顔を見せずに三角座り
icon_menherachan01_20.jpg,髪をグシャグシャにして悩む
icon_menherachan01_21.jpg,星を出しててへぺろ
icon_menherachan01_22.jpg,ハートを出して喜ぶ
icon_menherachan01_23.jpg,ハートを出して喜ぶ２
icon_menherachan01_24.jpg,泣きながら見る
icon_menherachan01_25.jpg,はてな
icon_menherachan01_26.jpg,お腹すいた
icon_menherachan01_27.jpg,モグモグ
icon_menherachan01_28.jpg,フードに隠れる
icon_menherachan01_29.jpg,ちょっと怒る
icon_menherachan01_30.jpg,だるい
icon_menherachan01_31.jpg,おっけー
icon_menherachan01_32.jpg,ぼーっとする
icon_menherachan01_33.jpg,涙を拭く
icon_menherachan01_34.jpg,了解
icon_menherachan01_35.jpg,クッションに顔を埋める
icon_menherachan01_36.jpg,土下座
icon_menherachan01_37.jpg,ゴミを見るような目で蔑む
icon_menherachan01_38.jpg,頬に手を当てて見る
icon_menherachan01_39.jpg,顎に指を当てる
icon_menherachan01_40.jpg,お腹痛い
icon_menherachan03_01.jpg,壁から覗く３
icon_menherachan03_02.jpg,地面に倒れる
icon_menherachan03_03.jpg,たもれながら見上げる
icon_menherachan03_04.jpg,遊園地の乗り物に乗る
icon_menherachan03_05.jpg,猫になって威嚇
icon_menherachan03_06.jpg,ファイト
icon_menherachan03_07.jpg,赤面
icon_menherachan03_08.jpg,ハートを出して喜ぶ3
icon_menherachan03_09.jpg,花びらを数える
icon_menherachan03_10.jpg,花びらをむしりとる
icon_menherachan03_11.jpg,猫になって尻尾をふる
icon_menherachan03_12.jpg,背中を見せて涙を落とす
icon_menherachan03_13.jpg,スケッチを見せる
icon_menherachan03_14.jpg,スケッチを高らかに見せる
icon_menherachan03_15.jpg,携帯をいじる
icon_menherachan03_16.jpg,背中を見せて携帯をいじる
icon_menherachan03_17.jpg,フラフラする
icon_menherachan03_18.jpg,クッションに倒れこむ
icon_menherachan03_19.jpg,椅子に倒れこむ
icon_menherachan03_20.jpg,死んだように携帯をいじる
icon_menherachan03_21.jpg,ゾンビのように歩く
icon_menherachan03_22.jpg,ゾンビになって見つめる
icon_menherachan03_23.jpg,キャンディーぺろぺろ
icon_menherachan03_24.jpg,編み物をあむ
icon_menherachan03_25.jpg,クラッカーを割って祝福
icon_menherachan03_26.jpg,くるくるまわりながら喜ぶ
icon_menherachan03_27.jpg,猫になってあざとくポーズ
icon_menherachan03_28.jpg,天井から下を見る
icon_menherachan03_29.jpg,寝起き
icon_menherachan03_30.jpg,熟睡
icon_menherachan03_31.jpg,嘔吐
icon_menherachan03_32.jpg,号泣
icon_menherachan03_33.jpg,びっくりする
icon_menherachan03_34.jpg,燃え尽きる
icon_menherachan03_35.jpg,レッツゴー
icon_menherachan03_36.jpg,星を出しててへぺろ
icon_menherachan03_37.jpg,ヒソヒソ
icon_menherachan03_38.jpg,ヒソヒソ２
icon_menherachan03_39.jpg,お化粧
icon_menherachan03_40.jpg,あのね
icon_menherachan05_01.jpg,スイカの後ろから見る
icon_menherachan05_02.jpg,スイカに隠れる
icon_menherachan05_03.jpg,風鈴を拭く
icon_menherachan05_04.jpg,うらめしやー
icon_menherachan05_05.jpg,暑さで倒れる
icon_menherachan05_06.jpg,暑さで溶ける
icon_menherachan05_07.jpg,暑さで死ぬ
icon_menherachan05_08.jpg,暑さで体が焦げる
icon_menherachan05_09.jpg,フラダンス
icon_menherachan05_10.jpg,貝殻の上でセクシーポーズ
icon_menherachan05_11.jpg,穴を作って飛び出す
icon_menherachan05_12.jpg,冷蔵庫から出る
icon_menherachan05_13.jpg,線香花火
icon_menherachan05_14.jpg,背中を見せて雨に濡れる
icon_menherachan05_15.jpg,雨に濡れる
icon_menherachan05_16.jpg,風邪をひいておでこに氷
icon_menherachan05_17.jpg,セミになる
icon_menherachan05_18.jpg,蚊になる
icon_menherachan05_19.jpg,クワガタになる
icon_menherachan05_20.jpg,金魚になる
icon_menherachan05_21.jpg,暑さで地面と溶ける
icon_menherachan05_22.jpg,暑さで地面に倒れこむ
icon_menherachan05_23.jpg,ひまわりの横で水をゲット
icon_menherachan05_24.jpg,暑さで床の上に倒れこむ
icon_menherachan05_25.jpg,ハチマキをふる
icon_menherachan05_26.jpg,祭りだー
icon_menherachan05_27.jpg,太鼓をたたく
icon_menherachan05_28.jpg,スイカになって新聞棒をたたく
icon_menherachan05_29.jpg,服のままプール
icon_menherachan05_30.jpg,浮き輪にまたがって泳ぐ
icon_menherachan05_31.jpg,砂のお城を作る
icon_menherachan05_32.jpg,ビーチで飲み物を飲む
icon_menherachan05_33.jpg,虫網もってブーン
icon_menherachan05_34.jpg,うちわパタパタ
icon_menherachan05_35.jpg,扇風機で髪をブワー
icon_menherachan05_36.jpg,エアコンの下で携帯いじる
icon_menherachan05_37.jpg,まぶしい
icon_menherachan05_38.jpg,ちょっと怒る2
icon_menherachan05_39.jpg,焚き火を見つめる
icon_menherachan05_40.jpg,イカをだく
icon_menherachan06_01.jpg,棺の中からおはよう
icon_menherachan06_02.jpg,棺の中でおやすみ
icon_menherachan06_03.jpg,かぼちゃの中からチラッ
icon_menherachan06_04.jpg,ご飯待ちでまだー？
icon_menherachan06_05.jpg,壁の後ろからトリックオアトリート
icon_menherachan06_06.jpg,栗をかぶってビックリ
icon_menherachan06_07.jpg,焼き魚をぱたぱた
icon_menherachan06_08.jpg,魔女になってイーッヒッヒッヒ
icon_menherachan06_09.jpg,魔女になって元気になーれ
icon_menherachan06_10.jpg,魔女になってえいっ
icon_menherachan06_11.jpg,箒に乗ってビューンッ
icon_menherachan06_12.jpg,悪魔になってイタズラしちゃうぞ
icon_menherachan06_13.jpg,本をペラペラ
icon_menherachan06_14.jpg,ノートにカリカリ書く
icon_menherachan06_15.jpg,サツマイモを食べる
icon_menherachan06_16.jpg,ベレー帽をかぶって芸術的
icon_menherachan06_17.jpg,お腹が空いて死にそう
icon_menherachan06_18.jpg,じゅるり
icon_menherachan06_19.jpg,いただきます
icon_menherachan06_20.jpg,ごちそうさまでした
icon_menherachan06_21.jpg,悪魔になってくすっ
icon_menherachan06_22.jpg,天使になってだめよ！
icon_menherachan06_23.jpg,大丈夫大丈夫
icon_menherachan06_24.jpg,悪魔になってニヤリ
icon_menherachan06_25.jpg,マントをバサッ
icon_menherachan06_26.jpg,ヴァンパイアになってグラスをクルクル
icon_menherachan06_27.jpg,ビールをウェーイ
icon_menherachan06_28.jpg,キャンディーぺろぺろ２
icon_menherachan06_29.jpg,天使になってキューピッドの矢を放つ
icon_menherachan06_30.jpg,お許しを
icon_menherachan06_31.jpg,天使になって許します
icon_menherachan06_32.jpg,女神降臨
icon_menherachan06_33.jpg,おかしちょーだい
icon_menherachan06_34.jpg,はいあめちゃん
icon_menherachan06_35.jpg,満腹でゲフッ
icon_menherachan06_36.jpg,お腹プニプニ
icon_menherachan06_37.jpg,ぼっちで枯葉が落ちる
icon_menherachan06_38.jpg,狼になってがおー
icon_menherachan06_39.jpg,ミイラ
icon_menherachan06_40.jpg,全部秋のせい